INSERT INTO teams (id, name, fifa_rating, recent_form, attack_avg, defense_avg, xga) VALUES
  ('belgium', '比利时', 86, 79, 1.74, 78, 1.12),
  ('senegal', '塞内加尔', 79, 76, 1.31, 77, 1.16),
  ('usa', '美国', 77, 72, 1.38, 71, 1.34),
  ('bosnia', '波黑', 76, 73, 1.29, 72, 1.28),
  ('portugal', '葡萄牙', 88, 82, 1.98, 79, 1.08),
  ('croatia', '克罗地亚', 82, 78, 1.48, 80, 1.05),
  ('spain', '西班牙', 89, 86, 1.95, 80, 1.05),
  ('austria', '奥地利', 81, 80, 1.55, 78, 1.11),
  ('switzerland', '瑞士', 80, 74, 1.36, 78, 1.18),
  ('algeria', '阿尔及利亚', 78, 77, 1.42, 75, 1.19),
  ('argentina', '阿根廷', 94, 88, 2.10, 87, 0.82),
  ('cape_verde', '佛得角', 74, 76, 1.24, 72, 1.24),
  ('colombia', '哥伦比亚', 84, 82, 1.72, 79, 1.06),
  ('ghana', '加纳', 77, 74, 1.33, 73, 1.23),
  ('australia', '澳大利亚', 76, 72, 1.21, 73, 1.30),
  ('egypt', '埃及', 80, 78, 1.49, 76, 1.15),
  ('canada', '加拿大', 78, 76, 1.39, 73, 1.22),
  ('south_africa', '南非', 74, 72, 1.18, 71, 1.33),
  ('brazil', '巴西', 91, 78, 1.92, 82, 1.02),
  ('japan', '日本', 80, 83, 1.46, 77, 1.12),
  ('paraguay', '巴拉圭', 77, 75, 1.24, 77, 1.08),
  ('germany', '德国', 86, 75, 1.82, 76, 1.20),
  ('morocco', '摩洛哥', 79, 80, 1.32, 86, 0.88),
  ('netherlands', '荷兰', 87, 79, 1.76, 81, 1.04),
  ('norway', '挪威', 82, 82, 1.82, 76, 1.18),
  ('ivory_coast', '科特迪瓦', 76, 75, 1.36, 72, 1.25),
  ('france', '法国', 93, 84, 2.05, 84, 0.94),
  ('sweden', '瑞典', 79, 73, 1.32, 76, 1.17),
  ('mexico', '墨西哥', 78, 70, 1.34, 73, 1.30),
  ('ecuador', '厄瓜多尔', 78, 74, 1.30, 75, 1.18),
  ('england', '英格兰', 90, 81, 1.88, 83, 0.96),
  ('dr_congo', '民主刚果', 75, 73, 1.25, 72, 1.29),
  ('iran', '伊朗', 78, 72, 1.28, 76, 1.14),
  ('new_zealand', '新西兰', 71, 68, 1.05, 68, 1.48),
  ('iraq', '伊拉克', 72, 66, 0.95, 67, 1.55),
  ('qatar', '卡塔尔', 74, 70, 1.18, 70, 1.34),
  ('panama', '巴拿马', 73, 69, 1.12, 69, 1.38),
  ('uzbekistan', '乌兹别克斯坦', 74, 72, 1.20, 72, 1.26),
  ('saudi_arabia', '沙特阿拉伯', 75, 70, 1.16, 71, 1.32),
  ('tunisia', '突尼斯', 76, 69, 1.14, 73, 1.24),
  ('curacao', '库拉索', 69, 64, 0.94, 66, 1.62),
  ('jordan', '约旦', 72, 71, 1.12, 70, 1.36),
  ('italy', '意大利', 84, 73, 1.45, 82, 1.05)
ON CONFLICT (id) DO UPDATE SET
  name = EXCLUDED.name,
  fifa_rating = EXCLUDED.fifa_rating,
  recent_form = EXCLUDED.recent_form,
  attack_avg = EXCLUDED.attack_avg,
  defense_avg = EXCLUDED.defense_avg,
  xga = EXCLUDED.xga;

INSERT INTO matches (id, competition, home_team_id, away_team_id, home_score, away_score, status, start_time, minute) VALUES
  ('match-001', '2026世界杯淘汰赛', 'belgium', 'senegal', 2, 2, 'finished', NOW() - INTERVAL '3 hours', 90),
  ('match-002', '2026世界杯淘汰赛', 'usa', 'bosnia', 0, 0, 'scheduled', NOW() + INTERVAL '4 hours', 0),
  ('match-003', '2026世界杯淘汰赛', 'portugal', 'croatia', 0, 0, 'scheduled', NOW() + INTERVAL '23 hours', 0),
  ('match-004', '2026世界杯淘汰赛', 'spain', 'austria', 0, 0, 'scheduled', NOW() + INTERVAL '27 hours', 0),
  ('match-005', '2026世界杯淘汰赛', 'switzerland', 'algeria', 0, 0, 'scheduled', NOW() + INTERVAL '31 hours', 0),
  ('match-006', '2026世界杯淘汰赛', 'argentina', 'cape_verde', 0, 0, 'scheduled', NOW() + INTERVAL '46 hours', 0),
  ('match-007', '2026世界杯淘汰赛', 'colombia', 'ghana', 0, 0, 'scheduled', NOW() + INTERVAL '50 hours 30 minutes', 0),
  ('match-008', '2026世界杯淘汰赛', 'australia', 'egypt', 0, 0, 'scheduled', NOW() + INTERVAL '54 hours', 0),
  ('match-009', '2026世界杯淘汰赛', 'canada', 'south_africa', 1, 0, 'finished', NOW() - INTERVAL '3 days', 90),
  ('match-010', '2026世界杯淘汰赛', 'brazil', 'japan', 2, 1, 'finished', NOW() - INTERVAL '2 days', 90),
  ('match-011', '2026世界杯淘汰赛', 'paraguay', 'germany', 1, 1, 'finished', NOW() - INTERVAL '46 hours', 120),
  ('match-012', '2026世界杯淘汰赛', 'morocco', 'netherlands', 1, 1, 'finished', NOW() - INTERVAL '44 hours', 120),
  ('match-013', '2026世界杯淘汰赛', 'norway', 'ivory_coast', 2, 1, 'finished', NOW() - INTERVAL '32 hours', 90),
  ('match-014', '2026世界杯淘汰赛', 'france', 'sweden', 3, 0, 'finished', NOW() - INTERVAL '30 hours', 90),
  ('match-015', '2026世界杯淘汰赛', 'mexico', 'ecuador', 2, 0, 'finished', NOW() - INTERVAL '28 hours', 90),
  ('match-016', '2026世界杯淘汰赛', 'england', 'dr_congo', 2, 1, 'finished', NOW() - INTERVAL '5 hours', 90),
  ('group-2026-g-001', '2026世界杯小组赛 G组', 'belgium', 'egypt', 1, 1, 'finished', TIMESTAMPTZ '2026-06-15 20:00:00+00', 90),
  ('group-2026-g-002', '2026世界杯小组赛 G组', 'iran', 'new_zealand', 2, 2, 'finished', TIMESTAMPTZ '2026-06-15 23:00:00+00', 90),
  ('group-2026-g-003', '2026世界杯小组赛 G组', 'belgium', 'iran', 0, 0, 'finished', TIMESTAMPTZ '2026-06-21 20:00:00+00', 90),
  ('group-2026-g-004', '2026世界杯小组赛 G组', 'new_zealand', 'egypt', 1, 3, 'finished', TIMESTAMPTZ '2026-06-21 23:00:00+00', 90),
  ('group-2026-g-005', '2026世界杯小组赛 G组', 'new_zealand', 'belgium', 1, 5, 'finished', TIMESTAMPTZ '2026-06-27 20:00:00+00', 90),
  ('group-2026-g-006', '2026世界杯小组赛 G组', 'egypt', 'iran', 1, 1, 'finished', TIMESTAMPTZ '2026-06-27 23:00:00+00', 90),
  ('group-2026-i-001', '2026世界杯小组赛 I组', 'france', 'senegal', 3, 1, 'finished', TIMESTAMPTZ '2026-06-16 20:00:00+00', 90),
  ('group-2026-i-002', '2026世界杯小组赛 I组', 'norway', 'iraq', 4, 1, 'finished', TIMESTAMPTZ '2026-06-17 20:00:00+00', 90),
  ('group-2026-i-003', '2026世界杯小组赛 I组', 'france', 'iraq', 3, 0, 'finished', TIMESTAMPTZ '2026-06-22 20:00:00+00', 90),
  ('group-2026-i-004', '2026世界杯小组赛 I组', 'norway', 'senegal', 3, 2, 'finished', TIMESTAMPTZ '2026-06-23 20:00:00+00', 90),
  ('group-2026-i-005', '2026世界杯小组赛 I组', 'norway', 'france', 1, 4, 'finished', TIMESTAMPTZ '2026-06-26 19:00:00+00', 90),
  ('group-2026-i-006', '2026世界杯小组赛 I组', 'senegal', 'iraq', 5, 0, 'finished', TIMESTAMPTZ '2026-06-26 19:00:00+00', 90),
  ('group-2026-d-001', '2026世界杯小组赛 D组', 'england', 'croatia', 4, 2, 'finished', TIMESTAMPTZ '2026-06-17 23:00:00+00', 90),
  ('group-2026-d-002', '2026世界杯小组赛 D组', 'england', 'ghana', 0, 0, 'finished', TIMESTAMPTZ '2026-06-23 23:00:00+00', 90),
  ('group-2026-d-003', '2026世界杯小组赛 D组', 'england', 'panama', 2, 0, 'finished', TIMESTAMPTZ '2026-06-27 23:00:00+00', 90),
  ('group-2026-d-004', '2026世界杯小组赛 D组', 'croatia', 'panama', 1, 0, 'finished', TIMESTAMPTZ '2026-06-24 23:00:00+00', 90),
  ('group-2026-d-005', '2026世界杯小组赛 D组', 'croatia', 'ghana', 2, 1, 'finished', TIMESTAMPTZ '2026-06-27 18:00:00+00', 90),
  ('group-2026-h-001', '2026世界杯小组赛 H组', 'portugal', 'dr_congo', 1, 1, 'finished', TIMESTAMPTZ '2026-06-17 20:00:00+00', 90),
  ('group-2026-h-002', '2026世界杯小组赛 H组', 'portugal', 'uzbekistan', 5, 0, 'finished', TIMESTAMPTZ '2026-06-23 20:00:00+00', 90),
  ('group-2026-h-003', '2026世界杯小组赛 H组', 'portugal', 'colombia', 0, 0, 'finished', TIMESTAMPTZ '2026-06-28 20:00:00+00', 90),
  ('group-2026-b-001', '2026世界杯小组赛 B组', 'spain', 'cape_verde', 0, 0, 'finished', TIMESTAMPTZ '2026-06-15 18:00:00+00', 90),
  ('group-2026-b-002', '2026世界杯小组赛 B组', 'spain', 'saudi_arabia', 4, 0, 'finished', TIMESTAMPTZ '2026-06-21 18:00:00+00', 90),
  ('group-2026-b-003', '2026世界杯小组赛 B组', 'spain', 'uruguay', 1, 0, 'finished', TIMESTAMPTZ '2026-06-27 18:00:00+00', 90),
  ('group-2026-c-001', '2026世界杯小组赛 C组', 'switzerland', 'qatar', 1, 1, 'finished', TIMESTAMPTZ '2026-06-13 20:00:00+00', 90),
  ('group-2026-c-002', '2026世界杯小组赛 C组', 'switzerland', 'bosnia', 4, 1, 'finished', TIMESTAMPTZ '2026-06-18 20:00:00+00', 90),
  ('group-2026-c-003', '2026世界杯小组赛 C组', 'switzerland', 'canada', 2, 1, 'finished', TIMESTAMPTZ '2026-06-24 20:00:00+00', 90),
  ('group-2026-e-001', '2026世界杯小组赛 E组', 'germany', 'curacao', 7, 1, 'finished', TIMESTAMPTZ '2026-06-14 20:00:00+00', 90),
  ('group-2026-e-002', '2026世界杯小组赛 E组', 'germany', 'ivory_coast', 2, 1, 'finished', TIMESTAMPTZ '2026-06-20 20:00:00+00', 90),
  ('group-2026-e-003', '2026世界杯小组赛 E组', 'germany', 'ecuador', 1, 2, 'finished', TIMESTAMPTZ '2026-06-25 20:00:00+00', 90),
  ('group-2026-f-001', '2026世界杯小组赛 F组', 'netherlands', 'japan', 2, 2, 'finished', TIMESTAMPTZ '2026-06-14 23:00:00+00', 90),
  ('group-2026-f-002', '2026世界杯小组赛 F组', 'netherlands', 'sweden', 5, 1, 'finished', TIMESTAMPTZ '2026-06-20 23:00:00+00', 90),
  ('group-2026-f-003', '2026世界杯小组赛 F组', 'netherlands', 'tunisia', 3, 1, 'finished', TIMESTAMPTZ '2026-06-26 23:00:00+00', 90),
  ('group-2026-f-004', '2026世界杯小组赛 F组', 'sweden', 'tunisia', 5, 1, 'finished', TIMESTAMPTZ '2026-06-15 23:00:00+00', 90),
  ('group-2026-f-005', '2026世界杯小组赛 F组', 'sweden', 'japan', 1, 1, 'finished', TIMESTAMPTZ '2026-06-26 18:00:00+00', 90)
ON CONFLICT (id) DO UPDATE SET
  competition = EXCLUDED.competition,
  home_team_id = EXCLUDED.home_team_id,
  away_team_id = EXCLUDED.away_team_id,
  home_score = EXCLUDED.home_score,
  away_score = EXCLUDED.away_score,
  status = EXCLUDED.status,
  start_time = EXCLUDED.start_time,
  minute = EXCLUDED.minute;

UPDATE matches
SET winner_team_id = 'belgium'
WHERE id = 'match-001';

INSERT INTO events (match_id, minute, type, team_id, player) VALUES
  ('match-001', 25, 'goal', 'senegal', '迪亚拉'),
  ('match-001', 51, 'goal', 'senegal', '萨尔'),
  ('match-001', 86, 'goal', 'belgium', '卢卡库'),
  ('match-001', 89, 'goal', 'belgium', '蒂勒曼斯'),
  ('match-001', 120, 'goal', 'belgium', '蒂勒曼斯'),
  ('match-009', 66, 'goal', 'canada', '戴维'),
  ('match-010', 74, 'goal', 'brazil', '马丁内利'),
  ('match-010', 81, 'goal', 'japan', '南野拓实'),
  ('match-010', 88, 'goal', 'brazil', '罗德里戈'),
  ('match-012', 34, 'goal', 'morocco', '恩内斯里'),
  ('match-013', 53, 'goal', 'norway', '哈兰德'),
  ('match-014', 12, 'goal', 'france', '姆巴佩'),
  ('match-014', 48, 'goal', 'france', '格列兹曼'),
  ('match-014', 69, 'goal', 'france', '登贝莱'),
  ('match-015', 22, 'goal', 'mexico', '希门尼斯'),
  ('match-015', 81, 'goal', 'mexico', '洛萨诺'),
  ('match-016', 7, 'goal', 'dr_congo', '西彭加'),
  ('match-016', 75, 'goal', 'england', '凯恩'),
  ('match-016', 86, 'goal', 'england', '凯恩'),
  ('group-2026-g-001', 33, 'goal', 'belgium', '德布劳内'),
  ('group-2026-g-001', 61, 'goal', 'egypt', '萨拉赫'),
  ('group-2026-g-004', 18, 'goal', 'new_zealand', '伍德'),
  ('group-2026-g-004', 41, 'goal', 'egypt', '萨拉赫'),
  ('group-2026-g-004', 66, 'goal', 'egypt', '特雷泽盖'),
  ('group-2026-g-004', 84, 'goal', 'egypt', '马尔穆什'),
  ('group-2026-g-005', 12, 'goal', 'belgium', '特罗萨德'),
  ('group-2026-g-005', 34, 'goal', 'belgium', '卢卡库'),
  ('group-2026-g-005', 52, 'goal', 'new_zealand', '伍德'),
  ('group-2026-g-005', 58, 'goal', 'belgium', '德布劳内'),
  ('group-2026-g-005', 73, 'goal', 'belgium', '德凯特拉雷'),
  ('group-2026-g-005', 86, 'goal', 'belgium', '特罗萨德'),
  ('group-2026-i-001', 19, 'goal', 'france', '姆巴佩'),
  ('group-2026-i-001', 44, 'goal', 'senegal', '马内'),
  ('group-2026-i-001', 63, 'goal', 'france', '登贝莱'),
  ('group-2026-i-001', 79, 'goal', 'france', '格列兹曼'),
  ('group-2026-i-004', 22, 'goal', 'norway', '哈兰德'),
  ('group-2026-i-004', 48, 'goal', 'senegal', '萨尔'),
  ('group-2026-i-004', 59, 'goal', 'norway', '厄德高'),
  ('group-2026-i-004', 76, 'goal', 'senegal', '马内'),
  ('group-2026-i-004', 88, 'goal', 'norway', '哈兰德'),
  ('group-2026-i-006', 9, 'goal', 'senegal', '马内'),
  ('group-2026-i-006', 27, 'goal', 'senegal', '萨尔'),
  ('group-2026-i-006', 51, 'goal', 'senegal', '恩迪亚耶'),
  ('group-2026-i-006', 68, 'goal', 'senegal', '杰克逊'),
  ('group-2026-i-006', 82, 'goal', 'senegal', '迪亚塔'),
  ('group-2026-d-001', 11, 'goal', 'england', '凯恩'),
  ('group-2026-d-001', 29, 'goal', 'croatia', '莫德里奇'),
  ('group-2026-d-001', 55, 'goal', 'england', '贝林厄姆'),
  ('group-2026-d-001', 67, 'goal', 'croatia', '克拉马里奇'),
  ('group-2026-d-001', 74, 'goal', 'england', '福登'),
  ('group-2026-d-001', 90, 'goal', 'england', '萨卡'),
  ('group-2026-h-002', 16, 'goal', 'portugal', 'C罗'),
  ('group-2026-h-002', 31, 'goal', 'portugal', 'B费'),
  ('group-2026-h-002', 49, 'goal', 'portugal', '莱奥'),
  ('group-2026-h-002', 71, 'goal', 'portugal', '若塔'),
  ('group-2026-h-002', 83, 'goal', 'portugal', '贡萨洛·拉莫斯'),
  ('group-2026-b-002', 20, 'goal', 'spain', '亚马尔'),
  ('group-2026-b-002', 38, 'goal', 'spain', '奥尔莫'),
  ('group-2026-b-002', 62, 'goal', 'spain', '莫拉塔'),
  ('group-2026-b-002', 77, 'goal', 'spain', '佩德里'),
  ('group-2026-c-002', 14, 'goal', 'switzerland', '沙奇里'),
  ('group-2026-c-002', 44, 'goal', 'bosnia', '哲科'),
  ('group-2026-c-002', 57, 'goal', 'switzerland', '恩博洛'),
  ('group-2026-c-002', 70, 'goal', 'switzerland', '扎卡'),
  ('group-2026-c-002', 88, 'goal', 'switzerland', '奥卡福'),
  ('group-2026-e-001', 7, 'goal', 'germany', '穆西亚拉'),
  ('group-2026-e-001', 18, 'goal', 'germany', '哈弗茨'),
  ('group-2026-e-001', 37, 'goal', 'germany', '维尔茨'),
  ('group-2026-e-001', 63, 'goal', 'germany', '菲尔克鲁格'),
  ('group-2026-e-003', 24, 'goal', 'germany', '穆西亚拉'),
  ('group-2026-e-003', 53, 'goal', 'ecuador', '凯塞多'),
  ('group-2026-e-003', 81, 'goal', 'ecuador', '恩纳·瓦伦西亚'),
  ('group-2026-f-002', 11, 'goal', 'netherlands', '加克波'),
  ('group-2026-f-002', 24, 'goal', 'sweden', '伊萨克'),
  ('group-2026-f-002', 43, 'goal', 'netherlands', '德佩'),
  ('group-2026-f-002', 58, 'goal', 'netherlands', '赖因德斯'),
  ('group-2026-f-002', 72, 'goal', 'netherlands', '西蒙斯')
ON CONFLICT DO NOTHING;
